{"best_model_name":"LinearSVM","best_accuracy":0.8634,"best_f1":0.8614,"best_model_metrics":{"accuracy":0.8633574253375154,"precision_macro":0.8573830963615023,"precision_weighted":0.8620567302231074,"recall_macro":0.8443413630228543,"recall_weighted":0.8633574253375154,"f1_macro":0.8490637447765801,"f1_weighted":0.8613521706825595},"label_map":{"0":1,"1":2,"-1":0},"inverse_label_map":{"0":-1,"1":0,"2":1},"all_model_results":{"LinearSVM":{"accuracy":0.8633574253375154,"precision_macro":0.8573830963615023,"precision_weighted":0.8620567302231074,"recall_macro":0.8443413630228543,"recall_weighted":0.8633574253375154,"f1_macro":0.8490637447765801,"f1_weighted":0.8613521706825595},"LogisticRegression":{"accuracy":0.8510841401881903,"precision_macro":0.8429409391750294,"precision_weighted":0.8494606141014727,"recall_macro":0.8322140257617999,"recall_weighted":0.8510841401881903,"f1_macro":0.8359986803034084,"f1_weighted":0.8490592875309487},"NaiveBayes":{"accuracy":0.7081685531160508,"precision_macro":0.713967919466174,"precision_weighted":0.7184396416006724,"recall_macro":0.6803366375763175,"recall_weighted":0.7081685531160508,"f1_macro":0.6884736004866993,"f1_weighted":0.70378841590766},"SGDClassifier":{"accuracy":0.8041729169507705,"precision_macro":0.8145225159102641,"precision_weighted":0.8091639501060075,"recall_macro":0.7645070300708624,"recall_weighted":0.8041729169507705,"f1_macro":0.7728350857144245,"f1_weighted":0.7945601142353391}}}

